{"count":1,"self":48.746841599999996,"total":50.1927083,"children":{"InitializeActuators":{"count":2,"self":0.00099819999999999987,"total":0.00099819999999999987,"children":null},"InitializeSensors":{"count":2,"self":0.0036469999999999996,"total":0.0036469999999999996,"children":null},"AgentSendState":{"count":2235,"self":0.3116651,"total":0.3644984,"children":{"CollectObservations":{"count":4470,"self":0.0136992,"total":0.0136992,"children":null},"WriteActionMask":{"count":4470,"self":0.012638499999999999,"total":0.012638499999999999,"children":null},"RequestDecision":{"count":4470,"self":0.026495599999999998,"total":0.026495599999999998,"children":null}}},"DecideAction":{"count":2235,"self":1.0561601999999999,"total":1.0653702999999999,"children":{"RayPerceptionSensor.Perceive":{"count":4470,"self":0.0092100999999999988,"total":0.0092100999999999988,"children":null}}},"AgentAct":{"count":2235,"self":0.0103518,"total":0.0103518,"children":null}},"gauges":{},"metadata":{"timer_format_version":"0.1.0","start_time_seconds":"1682530858","unity_version":"2021.3.4f1","command_line_arguments":"C:\\Program Files\\Unity\\2021.3.4f1\\Editor\\Unity.exe -projectpath D:\/Unity School Stuff\/RacingAI\/AI_1_RacingEvolution\/a19teosc_evolution -useHub -hubIPC -cloudEnvironment production -hubSessionId 95c71700-dab2-11ed-ada5-19cf4c2ad37c","communication_protocol_version":"1.5.0","com.unity.ml-agents_version":"2.0.1","scene_name":"MainScene","end_time_seconds":"1682530908"}}